tech,sport,business,politics,entertainment,other
7.321076545315072,5.5600594236237715,6.08645973045774,5.803057567801806,6.501710622019881,6.875633058066508
